name,code,market,amount,cost,show_flow
招商银行,600036,SH,2200,36.208,0
银行基金,512700,SH,12000,0.918,0
美的集团,000333,SZ,400,65.380,0
创业板50,159949,SZ,24000,1.051,0
沪深300,159919,SZ,5300,4.227,0
500ETF,510500,SH,1017,5.798,0
1000ETF,512100,SH,5800,2.566,0
科创50,588090,SH,8400,1.171,0
科技50,515750,SH,9000,1.438,0
芯片基金,159801,SZ,26500,0.821,0
人工智能,515980,SH,5100,1.016,0
红利低波,512890,SH,15000,1.187,0
中证红利,515080,SH,5100,1.623,0
东方财富,300059,SZ,500,18.940,0
证券ETF,512880,SH,6000,1.098,0
恒生科技,513130,SH,33000,0.817,0
紫金矿业,601899,SH,0,28,0
医药ETF,512010,SH,,,0
养殖ETF,159865,SZ,9700,0.773,0
港股创新药ETF,513780,SH,,,0
药明康德,603259,,,,0
科创创新药,589720,SH,,,0
长电科技,600584,,,,0
沪电股份,002463,,,,0
润泽科技,300442,,,,0
新宙邦,300037,,,,0
通富微电,002156,,,,0
工业富联,601138,,,,0
万华化学,600309,,,,0
艾力斯,688578,,,,0
半导体ETF,512480,SH,,,0
圣邦股份,300661,,,,0
